<?xml version='1.0' encoding='utf-8'?>
<!DOCTYPE hibernate-configuration PUBLIC
        "-//Hibernate/Hibernate Configuration DTD 3.0//EN"
        "http://hibernate.sourceforge.net/hibernate-configuration-3.0.dtd">

<hibernate-configuration>
	<session-factory>
		<property name="hibernate.connection.driver_class">com.mysql.cj.jdbc.Driver</property>
		<property name="hibernate.connection.url">jdbc:mysql://localhost:3306/project</property>
		<property name="hibernate.connection.username">root</property>
		<property name="hibernate.connection.password">1234</property>
		<property name="hibernate.dialect">org.hibernate.dialect.MySQLDialect</property>
		<property name="hbm2ddl.auto">update</property>
		<property name="show_sql">true</property>
		<mapping class="com.dto.User" />
		<mapping class="com.dto.Recipe" />
		<mapping class="com.dto.Address" />
		<mapping class="com.dto.Product" />
		<mapping class="com.dto.Cart" />		
		<mapping class="com.dto.Orders" />		
		<mapping class="com.dto.FavList" />		
		<mapping class="com.dto.Rating" />	
		<mapping class="com.dto.OrderProducts" />		
			

	</session-factory>
</hibernate-configuration>

